{"eval_loss": 0.6819542646408081, "eval_accuracy": 0.5911949685534591, "eval_f1": 0.5849522604740821, "eval_matthews_correlation": 0.1881372448390347, "eval_precision": 0.5970328282828283, "eval_recall": 0.5911949685534591, "eval_roc_auc": 0.591194968553459, "eval_runtime": 0.7066, "eval_samples_per_second": 900.039, "eval_steps_per_second": 56.606, "epoch": 30.0}