{
  "model_name": "LongSafari/hyenadna-tiny-16k-seqlen-d128-hf",
  "tokenizer_name": "LongSafari/hyenadna-tiny-16k-seqlen-d128-hf",
  "train_size": 2970,
  "val_size": 637,
  "test_size": 637,
  "max_length": 512,
  "val_metrics": {
    "eval_loss": 0.8713575601577759,
    "eval_accuracy": 0.7708006279434851,
    "eval_precision": 0.764525993883792,
    "eval_recall": 0.7836990595611285,
    "eval_f1": 0.7739938080495357,
    "eval_roc_auc": 0.8566027877999249,
    "eval_runtime": 0.3445,
    "eval_samples_per_second": 1849.077,
    "eval_steps_per_second": 232.223,
    "epoch": 30.0
  },
  "test_metrics": {
    "test_loss": 0.9751421213150024,
    "test_accuracy": 0.7519623233908949,
    "test_precision": 0.75,
    "test_recall": 0.7547169811320755,
    "test_f1": 0.7523510971786834,
    "test_roc_auc": 0.8196013485538532,
    "test_runtime": 0.3433,
    "test_samples_per_second": 1855.335,
    "test_steps_per_second": 233.009,
    "epoch": 30.0
  }
}