{
  "model_name": "LongSafari/hyenadna-tiny-16k-seqlen-d128-hf",
  "tokenizer_name": "LongSafari/hyenadna-tiny-16k-seqlen-d128-hf",
  "train_size": 2968,
  "val_size": 636,
  "test_size": 636,
  "max_length": 512,
  "val_metrics": {
    "eval_loss": 0.7940719127655029,
    "eval_accuracy": 0.800314465408805,
    "eval_precision": 0.799373040752351,
    "eval_recall": 0.8018867924528302,
    "eval_f1": 0.8006279434850864,
    "eval_roc_auc": 0.8655808710098494,
    "eval_runtime": 0.4013,
    "eval_samples_per_second": 1584.658,
    "eval_steps_per_second": 199.328,
    "epoch": 30.0
  },
  "test_metrics": {
    "test_loss": 0.882590115070343,
    "test_accuracy": 0.7987421383647799,
    "test_precision": 0.7950310559006211,
    "test_recall": 0.8050314465408805,
    "test_f1": 0.8,
    "test_roc_auc": 0.8596475614097543,
    "test_runtime": 0.3926,
    "test_samples_per_second": 1619.777,
    "test_steps_per_second": 203.746,
    "epoch": 30.0
  }
}